AvgSpotLen	BioSample	BioSampleModel	Experiment	Library_Name	MBases	MBytes	Replicate	Run	SRA_Sample	Sample_Name	collection_date	geo_loc_name	lat_lon	Assay_Type	BioProject	Center_Name	Consent	DATASTORE_filetype	DATASTORE_provider	InsertSize	Instrument	LibraryLayout	LibrarySelection	LibrarySource	LoadDate	Organism	Platform	ReleaseDate	SRA_Study	env_biome	env_feature	env_material	host
198	SAMN08813994	MIGS/MIMS/MIMARKS.human-gut	SRX3862919	VF114	3044	1486	replicate = biological replicate 75	SRR6915091	SRS3104973	VF114	12-Feb-2017	Italy: Vercelli	45.312990 N 8.422263 E	WGS	PRJNA447983	ANDREWMALTEZTHOMAS@GMAIL.COM'S SHARED SUBMISSIONS	public	sra	ncbi	0	Illumina HiSeq 2500	PAIRED	RANDOM	METAGENOMIC	2018-03-29	human gut metagenome	ILLUMINA	2018-08-14	SRP136711	human	digestive system	stool	Homo sapiens
198	SAMN08814053	MIGS/MIMS/MIMARKS.human-gut	SRX3862918	VF10	2723	1341	replicate = biological replicate 134	SRR6915092	SRS3104972	VF10	12-Feb-2017	Italy: Vercelli	45.312990 N 8.422263 E	WGS	PRJNA447983	ANDREWMALTEZTHOMAS@GMAIL.COM'S SHARED SUBMISSIONS	public	sra	ncbi	0	Illumina HiSeq 2500	PAIRED	RANDOM	METAGENOMIC	2018-03-29	human gut metagenome	ILLUMINA	2018-08-14	SRP136711	human	digestive system	stool	Homo sapiens
198	SAMN08814037	MIMS.me	SRX3862917	VF232	2135	1042	replicate = biological replicate 118	SRR6915093	SRS3104971	VF232	12-Feb-2017	Italy: Vercelli	45.312990 N 8.422263 E	WGS	PRJNA447983	ANDREWMALTEZTHOMAS@GMAIL.COM'S SHARED SUBMISSIONS	public	sra	ncbi	0	Illumina HiSeq 2500	PAIRED	RANDOM	METAGENOMIC	2018-03-29	human gut metagenome	ILLUMINA	2018-08-14	SRP136711	human	digestive system	stool	Homo sapiens
198	SAMN08814031	MIGS/MIMS/MIMARKS.human-gut	SRX3862916	VF217	9242	4498	replicate = biological replicate 112	SRR6915094	SRS3104970	VF217	12-Feb-2017	Italy: Vercelli	45.312990 N 8.422263 E	WGS	PRJNA447983	ANDREWMALTEZTHOMAS@GMAIL.COM'S SHARED SUBMISSIONS	public	sra	ncbi	0	Illumina HiSeq 2500	PAIRED	RANDOM	METAGENOMIC	2018-03-29	human gut metagenome	ILLUMINA	2018-08-14	SRP136711	human	digestive system	stool	Homo sapiens
198	SAMN08814036	MIGS/MIMS/MIMARKS.human-gut	SRX3862915	VF216	6358	3053	replicate = biological replicate 117	SRR6915095	SRS3104968	VF216	12-Feb-2017	Italy: Vercelli	45.312990 N 8.422263 E	WGS	PRJNA447983	ANDREWMALTEZTHOMAS@GMAIL.COM'S SHARED SUBMISSIONS	public	sra	ncbi	0	Illumina HiSeq 2500	PAIRED	RANDOM	METAGENOMIC	2018-03-29	human gut metagenome	ILLUMINA	2018-08-14	SRP136711	human	digestive system	stool	Homo sapiens
198	SAMN08814045	MIMS.me	SRX3862914	VF214	1316	637	replicate = biological replicate 126	SRR6915096	SRS3104967	VF214	12-Feb-2017	Italy: Vercelli	45.312990 N 8.422263 E	WGS	PRJNA447983	ANDREWMALTEZTHOMAS@GMAIL.COM'S SHARED SUBMISSIONS	public	sra	ncbi	0	Illumina HiSeq 2500	PAIRED	RANDOM	METAGENOMIC	2018-03-29	human gut metagenome	ILLUMINA	2018-08-14	SRP136711	human	digestive system	stool	Homo sapiens
198	SAMN08814044	MIGS/MIMS/MIMARKS.human-gut	SRX3862913	VF212	3239	1536	replicate = biological replicate 125	SRR6915097	SRS3104969	VF212	12-Feb-2017	Italy: Vercelli	45.312990 N 8.422263 E	WGS	PRJNA447983	ANDREWMALTEZTHOMAS@GMAIL.COM'S SHARED SUBMISSIONS	public	sra	ncbi	0	Illumina HiSeq 2500	PAIRED	RANDOM	METAGENOMIC	2018-03-29	human gut metagenome	ILLUMINA	2018-08-14	SRP136711	human	digestive system	stool	Homo sapiens
198	SAMN08814033	MIGS/MIMS/MIMARKS.human-gut	SRX3862912	VF208	8979	4341	replicate = biological replicate 114	SRR6915098	SRS3104966	VF208	12-Feb-2017	Italy: Vercelli	45.312990 N 8.422263 E	WGS	PRJNA447983	ANDREWMALTEZTHOMAS@GMAIL.COM'S SHARED SUBMISSIONS	public	sra	ncbi	0	Illumina HiSeq 2500	PAIRED	RANDOM	METAGENOMIC	2018-03-29	human gut metagenome	ILLUMINA	2018-08-14	SRP136711	human	digestive system	stool	Homo sapiens
198	SAMN08814029	MIGS/MIMS/MIMARKS.human-gut	SRX3862911	VF207	3669	1733	replicate = biological replicate 110	SRR6915099	SRS3104965	VF207	12-Feb-2017	Italy: Vercelli	45.312990 N 8.422263 E	WGS	PRJNA447983	ANDREWMALTEZTHOMAS@GMAIL.COM'S SHARED SUBMISSIONS	public	sra	ncbi	0	Illumina HiSeq 2500	PAIRED	RANDOM	METAGENOMIC	2018-03-29	human gut metagenome	ILLUMINA	2018-08-14	SRP136711	human	digestive system	stool	Homo sapiens
198	SAMN08814043	MIMS.me	SRX3862910	VF206	7696	3648	replicate = biological replicate 124	SRR6915100	SRS3104963	VF206	12-Feb-2017	Italy: Vercelli	45.312990 N 8.422263 E	WGS	PRJNA447983	ANDREWMALTEZTHOMAS@GMAIL.COM'S SHARED SUBMISSIONS	public	sra	ncbi	0	Illumina HiSeq 2500	PAIRED	RANDOM	METAGENOMIC	2018-03-29	human gut metagenome	ILLUMINA	2018-08-14	SRP136711	human	digestive system	stool	Homo sapiens
198	SAMN08814039	MIGS/MIMS/MIMARKS.human-gut	SRX3862909	VF251	4398	2118	replicate = biological replicate 120	SRR6915101	SRS3104964	VF251	12-Feb-2017	Italy: Vercelli	45.312990 N 8.422263 E	WGS	PRJNA447983	ANDREWMALTEZTHOMAS@GMAIL.COM'S SHARED SUBMISSIONS	public	sra	ncbi	0	Illumina HiSeq 2500	PAIRED	RANDOM	METAGENOMIC	2018-03-29	human gut metagenome	ILLUMINA	2018-08-14	SRP136711	human	digestive system	stool	Homo sapiens
198	SAMN08814030	MIGS/MIMS/MIMARKS.human-gut	SRX3862908	VF234	5621	2748	replicate = biological replicate 111	SRR6915102	SRS3104962	VF234	12-Feb-2017	Italy: Vercelli	45.312990 N 8.422263 E	WGS	PRJNA447983	ANDREWMALTEZTHOMAS@GMAIL.COM'S SHARED SUBMISSIONS	public	sra	ncbi	0	Illumina HiSeq 2500	PAIRED	RANDOM	METAGENOMIC	2018-03-29	human gut metagenome	ILLUMINA	2018-08-14	SRP136711	human	digestive system	stool	Homo sapiens
198	SAMN08813971	MIGS/MIMS/MIMARKS.human-gut	SRX3862907	SBJ27C	3339	1622	replicate = biological replicate 52	SRR6915103	SRS3104961	SBJ27C	11-Jan-2016	Italy: Milan	45.414028 N 9.208268 E	WGS	PRJNA447983	ANDREWMALTEZTHOMAS@GMAIL.COM'S SHARED SUBMISSIONS	public	sra	ncbi	0	Illumina HiSeq 2500	PAIRED	RANDOM	METAGENOMIC	2018-03-29	human gut metagenome	ILLUMINA	2018-08-14	SRP136711	human	digestive system	stool	Homo sapiens
198	SAMN08813956	MIGS/MIMS/MIMARKS.human-gut	SRX3862906	SBJ26C	3771	1799	replicate = biological replicate 37	SRR6915104	SRS3104960	SBJ26C	11-Jan-2016	Italy: Milan	45.414028 N 9.208268 E	WGS	PRJNA447983	ANDREWMALTEZTHOMAS@GMAIL.COM'S SHARED SUBMISSIONS	public	sra	ncbi	0	Illumina HiSeq 2500	PAIRED	RANDOM	METAGENOMIC	2018-03-29	human gut metagenome	ILLUMINA	2018-08-14	SRP136711	human	digestive system	stool	Homo sapiens
198	SAMN08813975	MIMS.me	SRX3862905	SBJ25C	2867	1395	replicate = biological replicate 56	SRR6915105	SRS3104959	SBJ25C	11-Jan-2016	Italy: Milan	45.414028 N 9.208268 E	WGS	PRJNA447983	ANDREWMALTEZTHOMAS@GMAIL.COM'S SHARED SUBMISSIONS	public	sra	ncbi	0	Illumina HiSeq 2500	PAIRED	RANDOM	METAGENOMIC	2018-03-29	human gut metagenome	ILLUMINA	2018-08-14	SRP136711	human	digestive system	stool	Homo sapiens
198	SAMN08813925	MIGS/MIMS/MIMARKS.human-gut	SRX3862904	SBJ24H	3350	1616	replicate = biological replicate 6	SRR6915106	SRS3104958	SBJ24H	11-Jan-2016	Italy: Milan	45.414028 N 9.208268 E	WGS	PRJNA447983	ANDREWMALTEZTHOMAS@GMAIL.COM'S SHARED SUBMISSIONS	public	sra	ncbi	0	Illumina HiSeq 2500	PAIRED	RANDOM	METAGENOMIC	2018-03-29	human gut metagenome	ILLUMINA	2018-08-14	SRP136711	human	digestive system	stool	Homo sapiens
198	SAMN08813949	MIGS/MIMS/MIMARKS.human-gut	SRX3862903	SBJ22C	2145	1030	replicate = biological replicate 30	SRR6915107	SRS3104956	SBJ22C	11-Jan-2016	Italy: Milan	45.414028 N 9.208268 E	WGS	PRJNA447983	ANDREWMALTEZTHOMAS@GMAIL.COM'S SHARED SUBMISSIONS	public	sra	ncbi	0	Illumina HiSeq 2500	PAIRED	RANDOM	METAGENOMIC	2018-03-29	human gut metagenome	ILLUMINA	2018-08-14	SRP136711	human	digestive system	stool	Homo sapiens
198	SAMN08813963	MIGS/MIMS/MIMARKS.human-gut	SRX3862902	SBJ21H	3329	1591	replicate = biological replicate 44	SRR6915108	SRS3104957	SBJ21H	11-Jan-2016	Italy: Milan	45.414028 N 9.208268 E	WGS	PRJNA447983	ANDREWMALTEZTHOMAS@GMAIL.COM'S SHARED SUBMISSIONS	public	sra	ncbi	0	Illumina HiSeq 2500	PAIRED	RANDOM	METAGENOMIC	2018-03-29	human gut metagenome	ILLUMINA	2018-08-14	SRP136711	human	digestive system	stool	Homo sapiens
198	SAMN08813954	MIMS.me	SRX3862901	SBJ20C	5933	2875	replicate = biological replicate 35	SRR6915109	SRS3104955	SBJ20C	11-Jan-2016	Italy: Milan	45.414028 N 9.208268 E	WGS	PRJNA447983	ANDREWMALTEZTHOMAS@GMAIL.COM'S SHARED SUBMISSIONS	public	sra	ncbi	0	Illumina HiSeq 2500	PAIRED	RANDOM	METAGENOMIC	2018-03-29	human gut metagenome	ILLUMINA	2018-08-14	SRP136711	human	digestive system	stool	Homo sapiens
198	SAMN08813964	MIGS/MIMS/MIMARKS.human-gut	SRX3862900	SBJ18H	2512	1207	replicate = biological replicate 45	SRR6915110	SRS3104951	SBJ18H	11-Jan-2016	Italy: Milan	45.414028 N 9.208268 E	WGS	PRJNA447983	ANDREWMALTEZTHOMAS@GMAIL.COM'S SHARED SUBMISSIONS	public	sra	ncbi	0	Illumina HiSeq 2500	PAIRED	RANDOM	METAGENOMIC	2018-03-29	human gut metagenome	ILLUMINA	2018-08-14	SRP136711	human	digestive system	stool	Homo sapiens
199	SAMN08813955	MIGS/MIMS/MIMARKS.human-gut	SRX3862899	SBJ17H	6742	3228	replicate = biological replicate 36	SRR6915111	SRS3104953	SBJ17H	11-Jan-2016	Italy: Milan	45.414028 N 9.208268 E	WGS	PRJNA447983	ANDREWMALTEZTHOMAS@GMAIL.COM'S SHARED SUBMISSIONS	public	sra	ncbi	0	Illumina HiSeq 2500	PAIRED	RANDOM	METAGENOMIC	2018-03-29	human gut metagenome	ILLUMINA	2018-08-14	SRP136711	human	digestive system	stool	Homo sapiens
198	SAMN08813923	MIGS/MIMS/MIMARKS.human-gut	SRX3862898	SBJ16H	4036	1943	replicate = biological replicate 4	SRR6915112	SRS3104954	SBJ16H	11-Jan-2016	Italy: Milan	45.414028 N 9.208268 E	WGS	PRJNA447983	ANDREWMALTEZTHOMAS@GMAIL.COM'S SHARED SUBMISSIONS	public	sra	ncbi	0	Illumina HiSeq 2500	PAIRED	RANDOM	METAGENOMIC	2018-03-29	human gut metagenome	ILLUMINA	2018-08-14	SRP136711	human	digestive system	stool	Homo sapiens
198	SAMN08814055	MIGS/MIMS/MIMARKS.human-gut	SRX3862897	VF171	12199	5938	replicate = biological replicate 136	SRR6915113	SRS3104952	VF171	12-Feb-2017	Italy: Vercelli	45.312990 N 8.422263 E	WGS	PRJNA447983	ANDREWMALTEZTHOMAS@GMAIL.COM'S SHARED SUBMISSIONS	public	sra	ncbi	0	Illumina HiSeq 2500	PAIRED	RANDOM	METAGENOMIC	2018-03-29	human gut metagenome	ILLUMINA	2018-08-14	SRP136711	human	digestive system	stool	Homo sapiens
198	SAMN08813943	MIGS/MIMS/MIMARKS.human-gut	SRX3862896	SBJ69H	3034	1488	replicate = biological replicate 24	SRR6915114	SRS3104948	SBJ69H	11-Jan-2016	Italy: Milan	45.414028 N 9.208268 E	WGS	PRJNA447983	ANDREWMALTEZTHOMAS@GMAIL.COM'S SHARED SUBMISSIONS	public	sra	ncbi	0	Illumina HiSeq 2500	PAIRED	RANDOM	METAGENOMIC	2018-03-29	human gut metagenome	ILLUMINA	2018-08-14	SRP136711	human	digestive system	stool	Homo sapiens
198	SAMN08813998	MIGS/MIMS/MIMARKS.human-gut	SRX3862895	VF166	2623	1286	replicate = biological replicate 79	SRR6915115	SRS3104946	VF166	12-Feb-2017	Italy: Vercelli	45.312990 N 8.422263 E	WGS	PRJNA447983	ANDREWMALTEZTHOMAS@GMAIL.COM'S SHARED SUBMISSIONS	public	sra	ncbi	0	Illumina HiSeq 2500	PAIRED	RANDOM	METAGENOMIC	2018-03-29	human gut metagenome	ILLUMINA	2018-08-14	SRP136711	human	digestive system	stool	Homo sapiens
198	SAMN08814042	MIGS/MIMS/MIMARKS.human-gut	SRX3862894	VF170	3722	1906	replicate = biological replicate 123	SRR6915116	SRS3104950	VF170	12-Feb-2017	Italy: Vercelli	45.312990 N 8.422263 E	WGS	PRJNA447983	ANDREWMALTEZTHOMAS@GMAIL.COM'S SHARED SUBMISSIONS	public	sra	ncbi	0	Illumina HiSeq 2500	PAIRED	RANDOM	METAGENOMIC	2018-03-29	human gut metagenome	ILLUMINA	2018-08-14	SRP136711	human	digestive system	stool	Homo sapiens
198	SAMN08813947	MIMS.me	SRX3862893	SBJ73H	4382	2169	replicate = biological replicate 28	SRR6915117	SRS3104949	SBJ73H	11-Jan-2016	Italy: Milan	45.414028 N 9.208268 E	WGS	PRJNA447983	ANDREWMALTEZTHOMAS@GMAIL.COM'S SHARED SUBMISSIONS	public	sra	ncbi	0	Illumina HiSeq 2500	PAIRED	RANDOM	METAGENOMIC	2018-03-29	human gut metagenome	ILLUMINA	2018-08-14	SRP136711	human	digestive system	stool	Homo sapiens
198	SAMN08814035	MIGS/MIMS/MIMARKS.human-gut	SRX3862892	VF172	4609	2224	replicate = biological replicate 116	SRR6915118	SRS3104947	VF172	12-Feb-2017	Italy: Vercelli	45.312990 N 8.422263 E	WGS	PRJNA447983	ANDREWMALTEZTHOMAS@GMAIL.COM'S SHARED SUBMISSIONS	public	sra	ncbi	0	Illumina HiSeq 2500	PAIRED	RANDOM	METAGENOMIC	2018-03-29	human gut metagenome	ILLUMINA	2018-08-14	SRP136711	human	digestive system	stool	Homo sapiens
198	SAMN08813999	MIMS.me	SRX3862891	VF174	3891	1922	replicate = biological replicate 80	SRR6915119	SRS3104945	VF174	12-Feb-2017	Italy: Vercelli	45.312990 N 8.422263 E	WGS	PRJNA447983	ANDREWMALTEZTHOMAS@GMAIL.COM'S SHARED SUBMISSIONS	public	sra	ncbi	0	Illumina HiSeq 2500	PAIRED	RANDOM	METAGENOMIC	2018-03-29	human gut metagenome	ILLUMINA	2018-08-14	SRP136711	human	digestive system	stool	Homo sapiens
198	SAMN08814000	MIGS/MIMS/MIMARKS.human-gut	SRX3862890	VF176	2309	1123	replicate = biological replicate 81	SRR6915120	SRS3104944	VF176	12-Feb-2017	Italy: Vercelli	45.312990 N 8.422263 E	WGS	PRJNA447983	ANDREWMALTEZTHOMAS@GMAIL.COM'S SHARED SUBMISSIONS	public	sra	ncbi	0	Illumina HiSeq 2500	PAIRED	RANDOM	METAGENOMIC	2018-03-29	human gut metagenome	ILLUMINA	2018-08-14	SRP136711	human	digestive system	stool	Homo sapiens
198	SAMN08814057	MIGS/MIMS/MIMARKS.human-gut	SRX3862889	VF189	7165	3563	replicate = biological replicate 138	SRR6915121	SRS3104943	VF189	12-Feb-2017	Italy: Vercelli	45.312990 N 8.422263 E	WGS	PRJNA447983	ANDREWMALTEZTHOMAS@GMAIL.COM'S SHARED SUBMISSIONS	public	sra	ncbi	0	Illumina HiSeq 2500	PAIRED	RANDOM	METAGENOMIC	2018-03-29	human gut metagenome	ILLUMINA	2018-08-14	SRP136711	human	digestive system	stool	Homo sapiens
198	SAMN08814056	MIGS/MIMS/MIMARKS.human-gut	SRX3862888	VF18	17252	8302	replicate = biological replicate 137	SRR6915122	SRS3104974	VF18	12-Feb-2017	Italy: Vercelli	45.312990 N 8.422263 E	WGS	PRJNA447983	ANDREWMALTEZTHOMAS@GMAIL.COM'S SHARED SUBMISSIONS	public	sra	ncbi	0	Illumina HiSeq 2500	PAIRED	RANDOM	METAGENOMIC	2018-03-29	human gut metagenome	ILLUMINA	2018-08-14	SRP136711	human	digestive system	stool	Homo sapiens
198	SAMN08814001	MIMS.me	SRX3862887	VF192	2218	1082	replicate = biological replicate 82	SRR6915123	SRS3104941	VF192	12-Feb-2017	Italy: Vercelli	45.312990 N 8.422263 E	WGS	PRJNA447983	ANDREWMALTEZTHOMAS@GMAIL.COM'S SHARED SUBMISSIONS	public	sra	ncbi	0	Illumina HiSeq 2500	PAIRED	RANDOM	METAGENOMIC	2018-03-29	human gut metagenome	ILLUMINA	2018-08-14	SRP136711	human	digestive system	stool	Homo sapiens
198	SAMN08814002	MIGS/MIMS/MIMARKS.human-gut	SRX3862886	VF197	2862	1390	replicate = biological replicate 83	SRR6915124	SRS3104942	VF197	12-Feb-2017	Italy: Vercelli	45.312990 N 8.422263 E	WGS	PRJNA447983	ANDREWMALTEZTHOMAS@GMAIL.COM'S SHARED SUBMISSIONS	public	sra	ncbi	0	Illumina HiSeq 2500	PAIRED	RANDOM	METAGENOMIC	2018-03-29	human gut metagenome	ILLUMINA	2018-08-14	SRP136711	human	digestive system	stool	Homo sapiens
198	SAMN08813930	MIGS/MIMS/MIMARKS.human-gut	SRX3862885	SBJ61C	5722	2766	replicate = biological replicate 11	SRR6915125	SRS3104939	SBJ61C	11-Jan-2016	Italy: Milan	45.414028 N 9.208268 E	WGS	PRJNA447983	ANDREWMALTEZTHOMAS@GMAIL.COM'S SHARED SUBMISSIONS	public	sra	ncbi	0	Illumina HiSeq 2500	PAIRED	RANDOM	METAGENOMIC	2018-03-29	human gut metagenome	ILLUMINA	2018-08-14	SRP136711	human	digestive system	stool	Homo sapiens
198	SAMN08813937	MIMS.me	SRX3862884	SBJ63H	7680	3761	replicate = biological replicate 18	SRR6915126	SRS3104937	SBJ63H	11-Jan-2016	Italy: Milan	45.414028 N 9.208268 E	WGS	PRJNA447983	ANDREWMALTEZTHOMAS@GMAIL.COM'S SHARED SUBMISSIONS	public	sra	ncbi	0	Illumina HiSeq 2500	PAIRED	RANDOM	METAGENOMIC	2018-03-29	human gut metagenome	ILLUMINA	2018-08-14	SRP136711	human	digestive system	stool	Homo sapiens
198	SAMN08813922	MIGS/MIMS/MIMARKS.human-gut	SRX3862883	SBJ50C	5009	2479	replicate = biological replicate 3	SRR6915127	SRS3104940	SBJ50C	11-Jan-2016	Italy: Milan	45.414028 N 9.208268 E	WGS	PRJNA447983	ANDREWMALTEZTHOMAS@GMAIL.COM'S SHARED SUBMISSIONS	public	sra	ncbi	0	Illumina HiSeq 2500	PAIRED	RANDOM	METAGENOMIC	2018-03-29	human gut metagenome	ILLUMINA	2018-08-14	SRP136711	human	digestive system	stool	Homo sapiens
198	SAMN08813942	MIGS/MIMS/MIMARKS.human-gut	SRX3862882	SBJ49C	4246	2104	replicate = biological replicate 23	SRR6915128	SRS3104938	SBJ49C	11-Jan-2016	Italy: Milan	45.414028 N 9.208268 E	WGS	PRJNA447983	ANDREWMALTEZTHOMAS@GMAIL.COM'S SHARED SUBMISSIONS	public	sra	ncbi	0	Illumina HiSeq 2500	PAIRED	RANDOM	METAGENOMIC	2018-03-29	human gut metagenome	ILLUMINA	2018-08-14	SRP136711	human	digestive system	stool	Homo sapiens
198	SAMN08813921	MIGS/MIMS/MIMARKS.human-gut	SRX3862881	SBJ52C	2830	1408	replicate = biological replicate 2	SRR6915129	SRS3104936	SBJ52C	11-Jan-2016	Italy: Milan	45.414028 N 9.208268 E	WGS	PRJNA447983	ANDREWMALTEZTHOMAS@GMAIL.COM'S SHARED SUBMISSIONS	public	sra	ncbi	0	Illumina HiSeq 2500	PAIRED	RANDOM	METAGENOMIC	2018-03-29	human gut metagenome	ILLUMINA	2018-08-14	SRP136711	human	digestive system	stool	Homo sapiens
198	SAMN08813959	MIGS/MIMS/MIMARKS.human-gut	SRX3862880	SBJ51C	2215	1088	replicate = biological replicate 40	SRR6915130	SRS3104935	SBJ51C	11-Jan-2016	Italy: Milan	45.414028 N 9.208268 E	WGS	PRJNA447983	ANDREWMALTEZTHOMAS@GMAIL.COM'S SHARED SUBMISSIONS	public	sra	ncbi	0	Illumina HiSeq 2500	PAIRED	RANDOM	METAGENOMIC	2018-03-29	human gut metagenome	ILLUMINA	2018-08-14	SRP136711	human	digestive system	stool	Homo sapiens
198	SAMN08813973	MIGS/MIMS/MIMARKS.human-gut	SRX3862879	SBJ45H	8460	4062	replicate = biological replicate 54	SRR6915131	SRS3104934	SBJ45H	11-Jan-2016	Italy: Milan	45.414028 N 9.208268 E	WGS	PRJNA447983	ANDREWMALTEZTHOMAS@GMAIL.COM'S SHARED SUBMISSIONS	public	sra	ncbi	0	Illumina HiSeq 2500	PAIRED	RANDOM	METAGENOMIC	2018-03-29	human gut metagenome	ILLUMINA	2018-08-14	SRP136711	human	digestive system	stool	Homo sapiens
198	SAMN08813961	MIMS.me	SRX3862878	SBJ42C	5427	2635	replicate = biological replicate 42	SRR6915132	SRS3104933	SBJ42C	11-Jan-2016	Italy: Milan	45.414028 N 9.208268 E	WGS	PRJNA447983	ANDREWMALTEZTHOMAS@GMAIL.COM'S SHARED SUBMISSIONS	public	sra	ncbi	0	Illumina HiSeq 2500	PAIRED	RANDOM	METAGENOMIC	2018-03-29	human gut metagenome	ILLUMINA	2018-08-14	SRP136711	human	digestive system	stool	Homo sapiens
198	SAMN08813965	MIGS/MIMS/MIMARKS.human-gut	SRX3862877	SBJ47C	3064	1496	replicate = biological replicate 46	SRR6915133	SRS3104930	SBJ47C	11-Jan-2016	Italy: Milan	45.414028 N 9.208268 E	WGS	PRJNA447983	ANDREWMALTEZTHOMAS@GMAIL.COM'S SHARED SUBMISSIONS	public	sra	ncbi	0	Illumina HiSeq 2500	PAIRED	RANDOM	METAGENOMIC	2018-03-29	human gut metagenome	ILLUMINA	2018-08-14	SRP136711	human	digestive system	stool	Homo sapiens
198	SAMN08813979	MIGS/MIMS/MIMARKS.human-gut	SRX3862876	SBJ46H	4169	2021	replicate = biological replicate 60	SRR6915134	SRS3104931	SBJ46H	11-Jan-2016	Italy: Milan	45.414028 N 9.208268 E	WGS	PRJNA447983	ANDREWMALTEZTHOMAS@GMAIL.COM'S SHARED SUBMISSIONS	public	sra	ncbi	0	Illumina HiSeq 2500	PAIRED	RANDOM	METAGENOMIC	2018-03-29	human gut metagenome	ILLUMINA	2018-08-14	SRP136711	human	digestive system	stool	Homo sapiens
198	SAMN08813960	MIMS.me	SRX3862875	SBJ55C	3202	1563	replicate = biological replicate 41	SRR6915135	SRS3104929	SBJ55C	11-Jan-2016	Italy: Milan	45.414028 N 9.208268 E	WGS	PRJNA447983	ANDREWMALTEZTHOMAS@GMAIL.COM'S SHARED SUBMISSIONS	public	sra	ncbi	0	Illumina HiSeq 2500	PAIRED	RANDOM	METAGENOMIC	2018-03-29	human gut metagenome	ILLUMINA	2018-08-14	SRP136711	human	digestive system	stool	Homo sapiens
198	SAMN08813931	MIGS/MIMS/MIMARKS.human-gut	SRX3862874	SBJ53C	4157	2032	replicate = biological replicate 12	SRR6915136	SRS3104928	SBJ53C	11-Jan-2016	Italy: Milan	45.414028 N 9.208268 E	WGS	PRJNA447983	ANDREWMALTEZTHOMAS@GMAIL.COM'S SHARED SUBMISSIONS	public	sra	ncbi	0	Illumina HiSeq 2500	PAIRED	RANDOM	METAGENOMIC	2018-03-29	human gut metagenome	ILLUMINA	2018-08-14	SRP136711	human	digestive system	stool	Homo sapiens
197	SAMN08814017	MIGS/MIMS/MIMARKS.human-gut	SRX3862873	VF65	2462	1206	replicate = biological replicate 98	SRR6915137	SRS3104923	VF65	12-Feb-2017	Italy: Vercelli	45.312990 N 8.422263 E	WGS	PRJNA447983	ANDREWMALTEZTHOMAS@GMAIL.COM'S SHARED SUBMISSIONS	public	sra	ncbi	0	Illumina HiSeq 2500	PAIRED	RANDOM	METAGENOMIC	2018-03-29	human gut metagenome	ILLUMINA	2018-08-14	SRP136711	human	digestive system	stool	Homo sapiens
198	SAMN08814018	MIGS/MIMS/MIMARKS.human-gut	SRX3862872	VF66	3146	1506	replicate = biological replicate 99	SRR6915138	SRS3104926	VF66	12-Feb-2017	Italy: Vercelli	45.312990 N 8.422263 E	WGS	PRJNA447983	ANDREWMALTEZTHOMAS@GMAIL.COM'S SHARED SUBMISSIONS	public	sra	ncbi	0	Illumina HiSeq 2500	PAIRED	RANDOM	METAGENOMIC	2018-03-29	human gut metagenome	ILLUMINA	2018-08-14	SRP136711	human	digestive system	stool	Homo sapiens
198	SAMN08814013	MIMS.me	SRX3862871	VF50	3585	1760	replicate = biological replicate 94	SRR6915139	SRS3104925	VF50	12-Feb-2017	Italy: Vercelli	45.312990 N 8.422263 E	WGS	PRJNA447983	ANDREWMALTEZTHOMAS@GMAIL.COM'S SHARED SUBMISSIONS	public	sra	ncbi	0	Illumina HiSeq 2500	PAIRED	RANDOM	METAGENOMIC	2018-03-29	human gut metagenome	ILLUMINA	2018-08-14	SRP136711	human	digestive system	stool	Homo sapiens
198	SAMN08814014	MIGS/MIMS/MIMARKS.human-gut	SRX3862870	VF55	3932	1887	replicate = biological replicate 95	SRR6915140	SRS3104924	VF55	12-Feb-2017	Italy: Vercelli	45.312990 N 8.422263 E	WGS	PRJNA447983	ANDREWMALTEZTHOMAS@GMAIL.COM'S SHARED SUBMISSIONS	public	sra	ncbi	0	Illumina HiSeq 2500	PAIRED	RANDOM	METAGENOMIC	2018-03-29	human gut metagenome	ILLUMINA	2018-08-14	SRP136711	human	digestive system	stool	Homo sapiens
198	SAMN08814015	MIGS/MIMS/MIMARKS.human-gut	SRX3862869	VF56	5036	2415	replicate = biological replicate 96	SRR6915141	SRS3104922	VF56	12-Feb-2017	Italy: Vercelli	45.312990 N 8.422263 E	WGS	PRJNA447983	ANDREWMALTEZTHOMAS@GMAIL.COM'S SHARED SUBMISSIONS	public	sra	ncbi	0	Illumina HiSeq 2500	PAIRED	RANDOM	METAGENOMIC	2018-03-29	human gut metagenome	ILLUMINA	2018-08-14	SRP136711	human	digestive system	stool	Homo sapiens
199	SAMN08814016	MIGS/MIMS/MIMARKS.human-gut	SRX3862868	VF60	3416	1630	replicate = biological replicate 97	SRR6915142	SRS3104932	VF60	12-Feb-2017	Italy: Vercelli	45.312990 N 8.422263 E	WGS	PRJNA447983	ANDREWMALTEZTHOMAS@GMAIL.COM'S SHARED SUBMISSIONS	public	sra	ncbi	0	Illumina HiSeq 2500	PAIRED	RANDOM	METAGENOMIC	2018-03-29	human gut metagenome	ILLUMINA	2018-08-14	SRP136711	human	digestive system	stool	Homo sapiens
198	SAMN08814009	MIGS/MIMS/MIMARKS.human-gut	SRX3862867	VF38	2765	1354	replicate = biological replicate 90	SRR6915143	SRS3104927	VF38	12-Feb-2017	Italy: Vercelli	45.312990 N 8.422263 E	WGS	PRJNA447983	ANDREWMALTEZTHOMAS@GMAIL.COM'S SHARED SUBMISSIONS	public	sra	ncbi	0	Illumina HiSeq 2500	PAIRED	RANDOM	METAGENOMIC	2018-03-29	human gut metagenome	ILLUMINA	2018-08-14	SRP136711	human	digestive system	stool	Homo sapiens
198	SAMN08814010	MIMS.me	SRX3862866	VF40	5038	2477	replicate = biological replicate 91	SRR6915144	SRS3104921	VF40	12-Feb-2017	Italy: Vercelli	45.312990 N 8.422263 E	WGS	PRJNA447983	ANDREWMALTEZTHOMAS@GMAIL.COM'S SHARED SUBMISSIONS	public	sra	ncbi	0	Illumina HiSeq 2500	PAIRED	RANDOM	METAGENOMIC	2018-03-29	human gut metagenome	ILLUMINA	2018-08-14	SRP136711	human	digestive system	stool	Homo sapiens
198	SAMN08814011	MIGS/MIMS/MIMARKS.human-gut	SRX3862865	VF43	3126	1516	replicate = biological replicate 92	SRR6915145	SRS3104919	VF43	12-Feb-2017	Italy: Vercelli	45.312990 N 8.422263 E	WGS	PRJNA447983	ANDREWMALTEZTHOMAS@GMAIL.COM'S SHARED SUBMISSIONS	public	sra	ncbi	0	Illumina HiSeq 2500	PAIRED	RANDOM	METAGENOMIC	2018-03-29	human gut metagenome	ILLUMINA	2018-08-14	SRP136711	human	digestive system	stool	Homo sapiens
199	SAMN08814012	MIGS/MIMS/MIMARKS.human-gut	SRX3862864	VF47	6809	3278	replicate = biological replicate 93	SRR6915146	SRS3104920	VF47	12-Feb-2017	Italy: Vercelli	45.312990 N 8.422263 E	WGS	PRJNA447983	ANDREWMALTEZTHOMAS@GMAIL.COM'S SHARED SUBMISSIONS	public	sra	ncbi	0	Illumina HiSeq 2500	PAIRED	RANDOM	METAGENOMIC	2018-03-29	human gut metagenome	ILLUMINA	2018-08-14	SRP136711	human	digestive system	stool	Homo sapiens
198	SAMN08813968	MIGS/MIMS/MIMARKS.human-gut	SRX3862863	SBJ36C	2898	1391	replicate = biological replicate 49	SRR6915147	SRS3104918	SBJ36C	11-Jan-2016	Italy: Milan	45.414028 N 9.208268 E	WGS	PRJNA447983	ANDREWMALTEZTHOMAS@GMAIL.COM'S SHARED SUBMISSIONS	public	sra	ncbi	0	Illumina HiSeq 2500	PAIRED	RANDOM	METAGENOMIC	2018-03-29	human gut metagenome	ILLUMINA	2018-08-14	SRP136711	human	digestive system	stool	Homo sapiens
198	SAMN08813927	MIMS.me	SRX3862862	SBJ37H	957	457	replicate = biological replicate 8	SRR6915148	SRS3104917	SBJ37H	11-Jan-2016	Italy: Milan	45.414028 N 9.208268 E	WGS	PRJNA447983	ANDREWMALTEZTHOMAS@GMAIL.COM'S SHARED SUBMISSIONS	public	sra	ncbi	0	Illumina HiSeq 2500	PAIRED	RANDOM	METAGENOMIC	2018-03-29	human gut metagenome	ILLUMINA	2018-08-14	SRP136711	human	digestive system	stool	Homo sapiens
198	SAMN08813929	MIGS/MIMS/MIMARKS.human-gut	SRX3862861	SBJ34H	3494	1674	replicate = biological replicate 10	SRR6915149	SRS3104916	SBJ34H	11-Jan-2016	Italy: Milan	45.414028 N 9.208268 E	WGS	PRJNA447983	ANDREWMALTEZTHOMAS@GMAIL.COM'S SHARED SUBMISSIONS	public	sra	ncbi	0	Illumina HiSeq 2500	PAIRED	RANDOM	METAGENOMIC	2018-03-29	human gut metagenome	ILLUMINA	2018-08-14	SRP136711	human	digestive system	stool	Homo sapiens
197	SAMN08813951	MIGS/MIMS/MIMARKS.human-gut	SRX3862860	SBJ35C	3873	1858	replicate = biological replicate 32	SRR6915150	SRS3104915	SBJ35C	11-Jan-2016	Italy: Milan	45.414028 N 9.208268 E	WGS	PRJNA447983	ANDREWMALTEZTHOMAS@GMAIL.COM'S SHARED SUBMISSIONS	public	sra	ncbi	0	Illumina HiSeq 2500	PAIRED	RANDOM	METAGENOMIC	2018-03-29	human gut metagenome	ILLUMINA	2018-08-14	SRP136711	human	digestive system	stool	Homo sapiens
198	SAMN08813978	MIGS/MIMS/MIMARKS.human-gut	SRX3862859	SBJ32C	2887	1393	replicate = biological replicate 59	SRR6915151	SRS3104914	SBJ32C	11-Jan-2016	Italy: Milan	45.414028 N 9.208268 E	WGS	PRJNA447983	ANDREWMALTEZTHOMAS@GMAIL.COM'S SHARED SUBMISSIONS	public	sra	ncbi	0	Illumina HiSeq 2500	PAIRED	RANDOM	METAGENOMIC	2018-03-29	human gut metagenome	ILLUMINA	2018-08-14	SRP136711	human	digestive system	stool	Homo sapiens
198	SAMN08813934	MIMS.me	SRX3862858	SBJ33C	3758	1804	replicate = biological replicate 15	SRR6915152	SRS3104913	SBJ33C	11-Jan-2016	Italy: Milan	45.414028 N 9.208268 E	WGS	PRJNA447983	ANDREWMALTEZTHOMAS@GMAIL.COM'S SHARED SUBMISSIONS	public	sra	ncbi	0	Illumina HiSeq 2500	PAIRED	RANDOM	METAGENOMIC	2018-03-29	human gut metagenome	ILLUMINA	2018-08-14	SRP136711	human	digestive system	stool	Homo sapiens
198	SAMN08813940	MIGS/MIMS/MIMARKS.human-gut	SRX3862857	SBJ29C	2948	1426	replicate = biological replicate 21	SRR6915153	SRS3104912	SBJ29C	11-Jan-2016	Italy: Milan	45.414028 N 9.208268 E	WGS	PRJNA447983	ANDREWMALTEZTHOMAS@GMAIL.COM'S SHARED SUBMISSIONS	public	sra	ncbi	0	Illumina HiSeq 2500	PAIRED	RANDOM	METAGENOMIC	2018-03-29	human gut metagenome	ILLUMINA	2018-08-14	SRP136711	human	digestive system	stool	Homo sapiens
198	SAMN08813924	MIGS/MIMS/MIMARKS.human-gut	SRX3862856	SBJ31C	1200	579	replicate = biological replicate 5	SRR6915154	SRS3104911	SBJ31C	11-Jan-2016	Italy: Milan	45.414028 N 9.208268 E	WGS	PRJNA447983	ANDREWMALTEZTHOMAS@GMAIL.COM'S SHARED SUBMISSIONS	public	sra	ncbi	0	Illumina HiSeq 2500	PAIRED	RANDOM	METAGENOMIC	2018-03-29	human gut metagenome	ILLUMINA	2018-08-14	SRP136711	human	digestive system	stool	Homo sapiens
198	SAMN08813935	MIMS.me	SRX3862855	SBJ39C	2743	1315	replicate = biological replicate 16	SRR6915155	SRS3104910	SBJ39C	11-Jan-2016	Italy: Milan	45.414028 N 9.208268 E	WGS	PRJNA447983	ANDREWMALTEZTHOMAS@GMAIL.COM'S SHARED SUBMISSIONS	public	sra	ncbi	0	Illumina HiSeq 2500	PAIRED	RANDOM	METAGENOMIC	2018-03-29	human gut metagenome	ILLUMINA	2018-08-14	SRP136711	human	digestive system	stool	Homo sapiens
198	SAMN08813941	MIMS.me	SRX3862854	SBJ40C	3193	1537	replicate = biological replicate 22	SRR6915156	SRS3104909	SBJ40C	11-Jan-2016	Italy: Milan	45.414028 N 9.208268 E	WGS	PRJNA447983	ANDREWMALTEZTHOMAS@GMAIL.COM'S SHARED SUBMISSIONS	public	sra	ncbi	0	Illumina HiSeq 2500	PAIRED	RANDOM	METAGENOMIC	2018-03-29	human gut metagenome	ILLUMINA	2018-08-14	SRP136711	human	digestive system	stool	Homo sapiens
198	SAMN08814027	MIMS.me	SRX3862853	VF97	2905	1401	replicate = biological replicate 108	SRR6915157	SRS3104908	VF97	12-Feb-2017	Italy: Vercelli	45.312990 N 8.422263 E	WGS	PRJNA447983	ANDREWMALTEZTHOMAS@GMAIL.COM'S SHARED SUBMISSIONS	public	sra	ncbi	0	Illumina HiSeq 2500	PAIRED	RANDOM	METAGENOMIC	2018-03-29	human gut metagenome	ILLUMINA	2018-08-14	SRP136711	human	digestive system	stool	Homo sapiens
198	SAMN08814026	MIGS/MIMS/MIMARKS.human-gut	SRX3862852	VF95	2426	1189	replicate = biological replicate 107	SRR6915158	SRS3104907	VF95	12-Feb-2017	Italy: Vercelli	45.312990 N 8.422263 E	WGS	PRJNA447983	ANDREWMALTEZTHOMAS@GMAIL.COM'S SHARED SUBMISSIONS	public	sra	ncbi	0	Illumina HiSeq 2500	PAIRED	RANDOM	METAGENOMIC	2018-03-29	human gut metagenome	ILLUMINA	2018-08-14	SRP136711	human	digestive system	stool	Homo sapiens
198	SAMN08814022	MIMS.me	SRX3862851	VF73	2710	1303	replicate = biological replicate 103	SRR6915159	SRS3104906	VF73	12-Feb-2017	Italy: Vercelli	45.312990 N 8.422263 E	WGS	PRJNA447983	ANDREWMALTEZTHOMAS@GMAIL.COM'S SHARED SUBMISSIONS	public	sra	ncbi	0	Illumina HiSeq 2500	PAIRED	RANDOM	METAGENOMIC	2018-03-29	human gut metagenome	ILLUMINA	2018-08-14	SRP136711	human	digestive system	stool	Homo sapiens
198	SAMN08814021	MIMS.me	SRX3862850	VF71	3593	1828	replicate = biological replicate 102	SRR6915160	SRS3104905	VF71	12-Feb-2017	Italy: Vercelli	45.312990 N 8.422263 E	WGS	PRJNA447983	ANDREWMALTEZTHOMAS@GMAIL.COM'S SHARED SUBMISSIONS	public	sra	ncbi	0	Illumina HiSeq 2500	PAIRED	RANDOM	METAGENOMIC	2018-03-29	human gut metagenome	ILLUMINA	2018-08-14	SRP136711	human	digestive system	stool	Homo sapiens
198	SAMN08814020	MIMS.me	SRX3862849	VF70	3572	1718	replicate = biological replicate 101	SRR6915161	SRS3104904	VF70	12-Feb-2017	Italy: Vercelli	45.312990 N 8.422263 E	WGS	PRJNA447983	ANDREWMALTEZTHOMAS@GMAIL.COM'S SHARED SUBMISSIONS	public	sra	ncbi	0	Illumina HiSeq 2500	PAIRED	RANDOM	METAGENOMIC	2018-03-29	human gut metagenome	ILLUMINA	2018-08-14	SRP136711	human	digestive system	stool	Homo sapiens
198	SAMN08814019	MIGS/MIMS/MIMARKS.human-gut	SRX3862848	VF69	5371	2584	replicate = biological replicate 100	SRR6915162	SRS3104903	VF69	12-Feb-2017	Italy: Vercelli	45.312990 N 8.422263 E	WGS	PRJNA447983	ANDREWMALTEZTHOMAS@GMAIL.COM'S SHARED SUBMISSIONS	public	sra	ncbi	0	Illumina HiSeq 2500	PAIRED	RANDOM	METAGENOMIC	2018-03-29	human gut metagenome	ILLUMINA	2018-08-14	SRP136711	human	digestive system	stool	Homo sapiens
198	SAMN08814025	MIMS.me	SRX3862847	VF90	3299	1575	replicate = biological replicate 106	SRR6915163	SRS3104902	VF90	12-Feb-2017	Italy: Vercelli	45.312990 N 8.422263 E	WGS	PRJNA447983	ANDREWMALTEZTHOMAS@GMAIL.COM'S SHARED SUBMISSIONS	public	sra	ncbi	0	Illumina HiSeq 2500	PAIRED	RANDOM	METAGENOMIC	2018-03-29	human gut metagenome	ILLUMINA	2018-08-14	SRP136711	human	digestive system	stool	Homo sapiens
198	SAMN08814024	MIMS.me	SRX3862846	VF84	3387	1663	replicate = biological replicate 105	SRR6915164	SRS3104901	VF84	12-Feb-2017	Italy: Vercelli	45.312990 N 8.422263 E	WGS	PRJNA447983	ANDREWMALTEZTHOMAS@GMAIL.COM'S SHARED SUBMISSIONS	public	sra	ncbi	0	Illumina HiSeq 2500	PAIRED	RANDOM	METAGENOMIC	2018-03-29	human gut metagenome	ILLUMINA	2018-08-14	SRP136711	human	digestive system	stool	Homo sapiens
198	SAMN08814059	MIMS.me	SRX3862845	VF82	2105	1020	replicate = biological replicate 140	SRR6915165	SRS3104900	VF82	12-Feb-2017	Italy: Vercelli	45.312990 N 8.422263 E	WGS	PRJNA447983	ANDREWMALTEZTHOMAS@GMAIL.COM'S SHARED SUBMISSIONS	public	sra	ncbi	0	Illumina HiSeq 2500	PAIRED	RANDOM	METAGENOMIC	2018-03-29	human gut metagenome	ILLUMINA	2018-08-14	SRP136711	human	digestive system	stool	Homo sapiens
198	SAMN08814023	MIGS/MIMS/MIMARKS.human-gut	SRX3862844	VF77	4442	2160	replicate = biological replicate 104	SRR6915166	SRS3104899	VF77	12-Feb-2017	Italy: Vercelli	45.312990 N 8.422263 E	WGS	PRJNA447983	ANDREWMALTEZTHOMAS@GMAIL.COM'S SHARED SUBMISSIONS	public	sra	ncbi	0	Illumina HiSeq 2500	PAIRED	RANDOM	METAGENOMIC	2018-03-29	human gut metagenome	ILLUMINA	2018-08-14	SRP136711	human	digestive system	stool	Homo sapiens
198	SAMN08813932	MIMS.me	SRX3862843	SBJ78H	2142	1046	replicate = biological replicate 13	SRR6915167	SRS3104898	SBJ78H	11-Jan-2016	Italy: Milan	45.414028 N 9.208268 E	WGS	PRJNA447983	ANDREWMALTEZTHOMAS@GMAIL.COM'S SHARED SUBMISSIONS	public	sra	ncbi	0	Illumina HiSeq 2500	PAIRED	RANDOM	METAGENOMIC	2018-03-29	human gut metagenome	ILLUMINA	2018-08-14	SRP136711	human	digestive system	stool	Homo sapiens
198	SAMN08813939	MIMS.me	SRX3862842	SBJ77H	2508	1232	replicate = biological replicate 20	SRR6915168	SRS3104897	SBJ77H	11-Jan-2016	Italy: Milan	45.414028 N 9.208268 E	WGS	PRJNA447983	ANDREWMALTEZTHOMAS@GMAIL.COM'S SHARED SUBMISSIONS	public	sra	ncbi	0	Illumina HiSeq 2500	PAIRED	RANDOM	METAGENOMIC	2018-03-29	human gut metagenome	ILLUMINA	2018-08-14	SRP136711	human	digestive system	stool	Homo sapiens
198	SAMN08813926	MIMS.me	SRX3862841	SBJ75H	2159	1065	replicate = biological replicate 7	SRR6915169	SRS3104896	SBJ75H	11-Jan-2016	Italy: Milan	45.414028 N 9.208268 E	WGS	PRJNA447983	ANDREWMALTEZTHOMAS@GMAIL.COM'S SHARED SUBMISSIONS	public	sra	ncbi	0	Illumina HiSeq 2500	PAIRED	RANDOM	METAGENOMIC	2018-03-29	human gut metagenome	ILLUMINA	2018-08-14	SRP136711	human	digestive system	stool	Homo sapiens
198	SAMN08813976	MIGS/MIMS/MIMARKS.human-gut	SRX3862840	SBJ74H	2730	1345	replicate = biological replicate 57	SRR6915170	SRS3104895	SBJ74H	11-Jan-2016	Italy: Milan	45.414028 N 9.208268 E	WGS	PRJNA447983	ANDREWMALTEZTHOMAS@GMAIL.COM'S SHARED SUBMISSIONS	public	sra	ncbi	0	Illumina HiSeq 2500	PAIRED	RANDOM	METAGENOMIC	2018-03-29	human gut metagenome	ILLUMINA	2018-08-14	SRP136711	human	digestive system	stool	Homo sapiens
198	SAMN08813972	MIMS.me	SRX3862839	SBJ82H	3445	1677	replicate = biological replicate 53	SRR6915171	SRS3104894	SBJ82H	11-Jan-2016	Italy: Milan	45.414028 N 9.208268 E	WGS	PRJNA447983	ANDREWMALTEZTHOMAS@GMAIL.COM'S SHARED SUBMISSIONS	public	sra	ncbi	0	Illumina HiSeq 2500	PAIRED	RANDOM	METAGENOMIC	2018-03-29	human gut metagenome	ILLUMINA	2018-08-14	SRP136711	human	digestive system	stool	Homo sapiens
198	SAMN08813948	MIMS.me	SRX3862838	SBJ81H	5188	2549	replicate = biological replicate 29	SRR6915172	SRS3104893	SBJ81H	11-Jan-2016	Italy: Milan	45.414028 N 9.208268 E	WGS	PRJNA447983	ANDREWMALTEZTHOMAS@GMAIL.COM'S SHARED SUBMISSIONS	public	sra	ncbi	0	Illumina HiSeq 2500	PAIRED	RANDOM	METAGENOMIC	2018-03-29	human gut metagenome	ILLUMINA	2018-08-14	SRP136711	human	digestive system	stool	Homo sapiens
198	SAMN08813962	MIMS.me	SRX3862837	SBJ80H	2352	1153	replicate = biological replicate 43	SRR6915173	SRS3104892	SBJ80H	11-Jan-2016	Italy: Milan	45.414028 N 9.208268 E	WGS	PRJNA447983	ANDREWMALTEZTHOMAS@GMAIL.COM'S SHARED SUBMISSIONS	public	sra	ncbi	0	Illumina HiSeq 2500	PAIRED	RANDOM	METAGENOMIC	2018-03-29	human gut metagenome	ILLUMINA	2018-08-14	SRP136711	human	digestive system	stool	Homo sapiens
198	SAMN08813977	MIGS/MIMS/MIMARKS.human-gut	SRX3862836	SBJ79H	3203	1564	replicate = biological replicate 58	SRR6915174	SRS3104891	SBJ79H	11-Jan-2016	Italy: Milan	45.414028 N 9.208268 E	WGS	PRJNA447983	ANDREWMALTEZTHOMAS@GMAIL.COM'S SHARED SUBMISSIONS	public	sra	ncbi	0	Illumina HiSeq 2500	PAIRED	RANDOM	METAGENOMIC	2018-03-29	human gut metagenome	ILLUMINA	2018-08-14	SRP136711	human	digestive system	stool	Homo sapiens
198	SAMN08813969	MIMS.me	SRX3862835	SBJ84H	3557	1723	replicate = biological replicate 50	SRR6915175	SRS3104890	SBJ84H	11-Jan-2016	Italy: Milan	45.414028 N 9.208268 E	WGS	PRJNA447983	ANDREWMALTEZTHOMAS@GMAIL.COM'S SHARED SUBMISSIONS	public	sra	ncbi	0	Illumina HiSeq 2500	PAIRED	RANDOM	METAGENOMIC	2018-03-29	human gut metagenome	ILLUMINA	2018-08-14	SRP136711	human	digestive system	stool	Homo sapiens
198	SAMN08813933	MIMS.me	SRX3862834	SBJ83H	2272	1106	replicate = biological replicate 14	SRR6915176	SRS3104889	SBJ83H	11-Jan-2016	Italy: Milan	45.414028 N 9.208268 E	WGS	PRJNA447983	ANDREWMALTEZTHOMAS@GMAIL.COM'S SHARED SUBMISSIONS	public	sra	ncbi	0	Illumina HiSeq 2500	PAIRED	RANDOM	METAGENOMIC	2018-03-29	human gut metagenome	ILLUMINA	2018-08-14	SRP136711	human	digestive system	stool	Homo sapiens
196	SAMN08813928	MIMS.me	SRX3862833	SBJ12C	3584	1710	replicate = biological replicate 9	SRR6915177	SRS3104888	SBJ12C	11-Jan-2016	Italy: Milan	45.414028 N 9.208268 E	WGS	PRJNA447983	ANDREWMALTEZTHOMAS@GMAIL.COM'S SHARED SUBMISSIONS	public	sra	ncbi	0	Illumina HiSeq 2500	PAIRED	RANDOM	METAGENOMIC	2018-03-29	human gut metagenome	ILLUMINA	2018-08-14	SRP136711	human	digestive system	stool	Homo sapiens
198	SAMN08813944	MIGS/MIMS/MIMARKS.human-gut	SRX3862832	SBJ11C	4434	2149	replicate = biological replicate 25	SRR6915178	SRS3104887	SBJ11C	11-Jan-2016	Italy: Milan	45.414028 N 9.208268 E	WGS	PRJNA447983	ANDREWMALTEZTHOMAS@GMAIL.COM'S SHARED SUBMISSIONS	public	sra	ncbi	0	Illumina HiSeq 2500	PAIRED	RANDOM	METAGENOMIC	2018-03-29	human gut metagenome	ILLUMINA	2018-08-14	SRP136711	human	digestive system	stool	Homo sapiens
197	SAMN08813966	MIMS.me	SRX3862831	SBJ06C	5508	2618	replicate = biological replicate 47	SRR6915179	SRS3104886	SBJ06C	11-Jan-2016	Italy: Milan	45.414028 N 9.208268 E	WGS	PRJNA447983	ANDREWMALTEZTHOMAS@GMAIL.COM'S SHARED SUBMISSIONS	public	sra	ncbi	0	Illumina HiSeq 2500	PAIRED	RANDOM	METAGENOMIC	2018-03-29	human gut metagenome	ILLUMINA	2018-08-14	SRP136711	human	digestive system	stool	Homo sapiens
198	SAMN08813967	MIMS.me	SRX3862830	SBJ05C	4108	1946	replicate = biological replicate 48	SRR6915180	SRS3104885	SBJ05C	11-Jan-2016	Italy: Milan	45.414028 N 9.208268 E	WGS	PRJNA447983	ANDREWMALTEZTHOMAS@GMAIL.COM'S SHARED SUBMISSIONS	public	sra	ncbi	0	Illumina HiSeq 2500	PAIRED	RANDOM	METAGENOMIC	2018-03-29	human gut metagenome	ILLUMINA	2018-08-14	SRP136711	human	digestive system	stool	Homo sapiens
198	SAMN08813938	MIMS.me	SRX3862829	SBJ10C	4508	2164	replicate = biological replicate 19	SRR6915181	SRS3104884	SBJ10C	11-Jan-2016	Italy: Milan	45.414028 N 9.208268 E	WGS	PRJNA447983	ANDREWMALTEZTHOMAS@GMAIL.COM'S SHARED SUBMISSIONS	public	sra	ncbi	0	Illumina HiSeq 2500	PAIRED	RANDOM	METAGENOMIC	2018-03-29	human gut metagenome	ILLUMINA	2018-08-14	SRP136711	human	digestive system	stool	Homo sapiens
198	SAMN08813958	MIMS.me	SRX3862828	SBJ07C	5521	2650	replicate = biological replicate 39	SRR6915182	SRS3104882	SBJ07C	11-Jan-2016	Italy: Milan	45.414028 N 9.208268 E	WGS	PRJNA447983	ANDREWMALTEZTHOMAS@GMAIL.COM'S SHARED SUBMISSIONS	public	sra	ncbi	0	Illumina HiSeq 2500	PAIRED	RANDOM	METAGENOMIC	2018-03-29	human gut metagenome	ILLUMINA	2018-08-14	SRP136711	human	digestive system	stool	Homo sapiens
198	SAMN08813945	MIGS/MIMS/MIMARKS.human-gut	SRX3862827	SBJ02C	3979	1924	replicate = biological replicate 26	SRR6915183	SRS3104883	SBJ02C	11-Jan-2016	Italy: Milan	45.414028 N 9.208268 E	WGS	PRJNA447983	ANDREWMALTEZTHOMAS@GMAIL.COM'S SHARED SUBMISSIONS	public	sra	ncbi	0	Illumina HiSeq 2500	PAIRED	RANDOM	METAGENOMIC	2018-03-29	human gut metagenome	ILLUMINA	2018-08-14	SRP136711	human	digestive system	stool	Homo sapiens
198	SAMN08813946	MIMS.me	SRX3862826	SBJ01C	3982	1931	replicate = biological replicate 27	SRR6915184	SRS3104881	SBJ01C	11-Jan-2016	Italy: Milan	45.414028 N 9.208268 E	WGS	PRJNA447983	ANDREWMALTEZTHOMAS@GMAIL.COM'S SHARED SUBMISSIONS	public	sra	ncbi	0	Illumina HiSeq 2500	PAIRED	RANDOM	METAGENOMIC	2018-03-29	human gut metagenome	ILLUMINA	2018-08-14	SRP136711	human	digestive system	stool	Homo sapiens
198	SAMN08813936	MIMS.me	SRX3862825	SBJ04C	3290	1564	replicate = biological replicate 17	SRR6915185	SRS3104880	SBJ04C	11-Jan-2016	Italy: Milan	45.414028 N 9.208268 E	WGS	PRJNA447983	ANDREWMALTEZTHOMAS@GMAIL.COM'S SHARED SUBMISSIONS	public	sra	ncbi	0	Illumina HiSeq 2500	PAIRED	RANDOM	METAGENOMIC	2018-03-29	human gut metagenome	ILLUMINA	2018-08-14	SRP136711	human	digestive system	stool	Homo sapiens
197	SAMN08813974	MIGS/MIMS/MIMARKS.human-gut	SRX3862824	SBJ03H	5668	2678	replicate = biological replicate 55	SRR6915186	SRS3104879	SBJ03H	11-Jan-2016	Italy: Milan	45.414028 N 9.208268 E	WGS	PRJNA447983	ANDREWMALTEZTHOMAS@GMAIL.COM'S SHARED SUBMISSIONS	public	sra	ncbi	0	Illumina HiSeq 2500	PAIRED	RANDOM	METAGENOMIC	2018-03-29	human gut metagenome	ILLUMINA	2018-08-14	SRP136711	human	digestive system	stool	Homo sapiens
198	SAMN08814049	MIMS.me	SRX3862823	VF265	1633	801	replicate = biological replicate 130	SRR6915187	SRS3104878	VF265	12-Feb-2017	Italy: Vercelli	45.312990 N 8.422263 E	WGS	PRJNA447983	ANDREWMALTEZTHOMAS@GMAIL.COM'S SHARED SUBMISSIONS	public	sra	ncbi	0	Illumina HiSeq 2500	PAIRED	RANDOM	METAGENOMIC	2018-03-29	human gut metagenome	ILLUMINA	2018-08-14	SRP136711	human	digestive system	stool	Homo sapiens
198	SAMN08814028	MIMS.me	SRX3862822	VF270	3382	1617	replicate = biological replicate 109	SRR6915188	SRS3104877	VF270	12-Feb-2017	Italy: Vercelli	45.312990 N 8.422263 E	WGS	PRJNA447983	ANDREWMALTEZTHOMAS@GMAIL.COM'S SHARED SUBMISSIONS	public	sra	ncbi	0	Illumina HiSeq 2500	PAIRED	RANDOM	METAGENOMIC	2018-03-29	human gut metagenome	ILLUMINA	2018-08-14	SRP136711	human	digestive system	stool	Homo sapiens
198	SAMN08814048	MIMS.me	SRX3862821	VF263	7151	3492	replicate = biological replicate 129	SRR6915189	SRS3104876	VF263	12-Feb-2017	Italy: Vercelli	45.312990 N 8.422263 E	WGS	PRJNA447983	ANDREWMALTEZTHOMAS@GMAIL.COM'S SHARED SUBMISSIONS	public	sra	ncbi	0	Illumina HiSeq 2500	PAIRED	RANDOM	METAGENOMIC	2018-03-29	human gut metagenome	ILLUMINA	2018-08-14	SRP136711	human	digestive system	stool	Homo sapiens
198	SAMN08814038	MIMS.me	SRX3862820	VF264	8664	4143	replicate = biological replicate 119	SRR6915190	SRS3104875	VF264	12-Feb-2017	Italy: Vercelli	45.312990 N 8.422263 E	WGS	PRJNA447983	ANDREWMALTEZTHOMAS@GMAIL.COM'S SHARED SUBMISSIONS	public	sra	ncbi	0	Illumina HiSeq 2500	PAIRED	RANDOM	METAGENOMIC	2018-03-29	human gut metagenome	ILLUMINA	2018-08-14	SRP136711	human	digestive system	stool	Homo sapiens
198	SAMN08814046	MIGS/MIMS/MIMARKS.human-gut	SRX3862819	VF261	2090	1012	replicate = biological replicate 127	SRR6915191	SRS3104874	VF261	12-Feb-2017	Italy: Vercelli	45.312990 N 8.422263 E	WGS	PRJNA447983	ANDREWMALTEZTHOMAS@GMAIL.COM'S SHARED SUBMISSIONS	public	sra	ncbi	0	Illumina HiSeq 2500	PAIRED	RANDOM	METAGENOMIC	2018-03-29	human gut metagenome	ILLUMINA	2018-08-14	SRP136711	human	digestive system	stool	Homo sapiens
198	SAMN08814047	MIGS/MIMS/MIMARKS.human-gut	SRX3862818	VF262	5375	2603	replicate = biological replicate 128	SRR6915192	SRS3104873	VF262	12-Feb-2017	Italy: Vercelli	45.312990 N 8.422263 E	WGS	PRJNA447983	ANDREWMALTEZTHOMAS@GMAIL.COM'S SHARED SUBMISSIONS	public	sra	ncbi	0	Illumina HiSeq 2500	PAIRED	RANDOM	METAGENOMIC	2018-03-29	human gut metagenome	ILLUMINA	2018-08-14	SRP136711	human	digestive system	stool	Homo sapiens
198	SAMN08814041	MIGS/MIMS/MIMARKS.human-gut	SRX3862817	VF255	2341	1129	replicate = biological replicate 122	SRR6915193	SRS3104872	VF255	12-Feb-2017	Italy: Vercelli	45.312990 N 8.422263 E	WGS	PRJNA447983	ANDREWMALTEZTHOMAS@GMAIL.COM'S SHARED SUBMISSIONS	public	sra	ncbi	0	Illumina HiSeq 2500	PAIRED	RANDOM	METAGENOMIC	2018-03-29	human gut metagenome	ILLUMINA	2018-08-14	SRP136711	human	digestive system	stool	Homo sapiens
198	SAMN08814040	MIMS.me	SRX3862816	VF259	2503	1164	replicate = biological replicate 121	SRR6915194	SRS3104871	VF259	12-Feb-2017	Italy: Vercelli	45.312990 N 8.422263 E	WGS	PRJNA447983	ANDREWMALTEZTHOMAS@GMAIL.COM'S SHARED SUBMISSIONS	public	sra	ncbi	0	Illumina HiSeq 2500	PAIRED	RANDOM	METAGENOMIC	2018-03-29	human gut metagenome	ILLUMINA	2018-08-14	SRP136711	human	digestive system	stool	Homo sapiens
198	SAMN08813957	MIMS.me	SRX3862815	SBJ64C	6764	3344	replicate = biological replicate 38	SRR6915195	SRS3104869	SBJ64C	11-Jan-2016	Italy: Milan	45.414028 N 9.208268 E	WGS	PRJNA447983	ANDREWMALTEZTHOMAS@GMAIL.COM'S SHARED SUBMISSIONS	public	sra	ncbi	0	Illumina HiSeq 2500	PAIRED	RANDOM	METAGENOMIC	2018-03-29	human gut metagenome	ILLUMINA	2018-08-14	SRP136711	human	digestive system	stool	Homo sapiens
198	SAMN08813970	MIMS.me	SRX3862814	SBJ65H	3691	1800	replicate = biological replicate 51	SRR6915196	SRS3104870	SBJ65H	11-Jan-2016	Italy: Milan	45.414028 N 9.208268 E	WGS	PRJNA447983	ANDREWMALTEZTHOMAS@GMAIL.COM'S SHARED SUBMISSIONS	public	sra	ncbi	0	Illumina HiSeq 2500	PAIRED	RANDOM	METAGENOMIC	2018-03-29	human gut metagenome	ILLUMINA	2018-08-14	SRP136711	human	digestive system	stool	Homo sapiens
198	SAMN08813953	MIMS.me	SRX3862813	SBJ67H	3670	1814	replicate = biological replicate 34	SRR6915197	SRS3104868	SBJ67H	11-Jan-2016	Italy: Milan	45.414028 N 9.208268 E	WGS	PRJNA447983	ANDREWMALTEZTHOMAS@GMAIL.COM'S SHARED SUBMISSIONS	public	sra	ncbi	0	Illumina HiSeq 2500	PAIRED	RANDOM	METAGENOMIC	2018-03-29	human gut metagenome	ILLUMINA	2018-08-14	SRP136711	human	digestive system	stool	Homo sapiens
198	SAMN08813950	MIMS.me	SRX3862812	SBJ68H	1984	974	replicate = biological replicate 31	SRR6915198	SRS3104866	SBJ68H	11-Jan-2016	Italy: Milan	45.414028 N 9.208268 E	WGS	PRJNA447983	ANDREWMALTEZTHOMAS@GMAIL.COM'S SHARED SUBMISSIONS	public	sra	ncbi	0	Illumina HiSeq 2500	PAIRED	RANDOM	METAGENOMIC	2018-03-29	human gut metagenome	ILLUMINA	2018-08-14	SRP136711	human	digestive system	stool	Homo sapiens
198	SAMN08813920	MIGS/MIMS/MIMARKS.human-gut	SRX3862811	SBJ57H	3944	1937	replicate = biological replicate 1	SRR6915199	SRS3104867	SBJ57H	11-Jan-2016	Italy: Milan	45.414028 N 9.208268 E	WGS	PRJNA447983	ANDREWMALTEZTHOMAS@GMAIL.COM'S SHARED SUBMISSIONS	public	sra	ncbi	0	Illumina HiSeq 2500	PAIRED	RANDOM	METAGENOMIC	2018-03-29	human gut metagenome	ILLUMINA	2018-08-14	SRP136711	human	digestive system	stool	Homo sapiens
198	SAMN08813952	MIMS.me	SRX3862810	SBJ60H	9766	4710	replicate = biological replicate 33	SRR6915200	SRS3104865	SBJ60H	11-Jan-2016	Italy: Milan	45.414028 N 9.208268 E	WGS	PRJNA447983	ANDREWMALTEZTHOMAS@GMAIL.COM'S SHARED SUBMISSIONS	public	sra	ncbi	0	Illumina HiSeq 2500	PAIRED	RANDOM	METAGENOMIC	2018-03-29	human gut metagenome	ILLUMINA	2018-08-14	SRP136711	human	digestive system	stool	Homo sapiens
198	SAMN08814032	MIMS.me	SRX3862809	VF273	2652	1292	replicate = biological replicate 113	SRR6915201	SRS3104864	VF273	12-Feb-2017	Italy: Vercelli	45.312990 N 8.422263 E	WGS	PRJNA447983	ANDREWMALTEZTHOMAS@GMAIL.COM'S SHARED SUBMISSIONS	public	sra	ncbi	0	Illumina HiSeq 2500	PAIRED	RANDOM	METAGENOMIC	2018-03-29	human gut metagenome	ILLUMINA	2018-08-14	SRP136711	human	digestive system	stool	Homo sapiens
198	SAMN08814050	MIGS/MIMS/MIMARKS.human-gut	SRX3862808	VF279	7259	3462	replicate = biological replicate 131	SRR6915202	SRS3104863	VF279	12-Feb-2017	Italy: Vercelli	45.312990 N 8.422263 E	WGS	PRJNA447983	ANDREWMALTEZTHOMAS@GMAIL.COM'S SHARED SUBMISSIONS	public	sra	ncbi	0	Illumina HiSeq 2500	PAIRED	RANDOM	METAGENOMIC	2018-03-29	human gut metagenome	ILLUMINA	2018-08-14	SRP136711	human	digestive system	stool	Homo sapiens
198	SAMN08814052	MIMS.me	SRX3862807	VF301	2176	1072	replicate = biological replicate 133	SRR6915203	SRS3104862	VF301	12-Feb-2017	Italy: Vercelli	45.312990 N 8.422263 E	WGS	PRJNA447983	ANDREWMALTEZTHOMAS@GMAIL.COM'S SHARED SUBMISSIONS	public	sra	ncbi	0	Illumina HiSeq 2500	PAIRED	RANDOM	METAGENOMIC	2018-03-29	human gut metagenome	ILLUMINA	2018-08-14	SRP136711	human	digestive system	stool	Homo sapiens
198	SAMN08814004	MIMS.me	SRX3862806	VF30	5284	2588	replicate = biological replicate 85	SRR6915204	SRS3104860	VF30	12-Feb-2017	Italy: Vercelli	45.312990 N 8.422263 E	WGS	PRJNA447983	ANDREWMALTEZTHOMAS@GMAIL.COM'S SHARED SUBMISSIONS	public	sra	ncbi	0	Illumina HiSeq 2500	PAIRED	RANDOM	METAGENOMIC	2018-03-29	human gut metagenome	ILLUMINA	2018-08-14	SRP136711	human	digestive system	stool	Homo sapiens
198	SAMN08814006	MIMS.me	SRX3862805	VF32	2588	1243	replicate = biological replicate 87	SRR6915205	SRS3104861	VF32	12-Feb-2017	Italy: Vercelli	45.312990 N 8.422263 E	WGS	PRJNA447983	ANDREWMALTEZTHOMAS@GMAIL.COM'S SHARED SUBMISSIONS	public	sra	ncbi	0	Illumina HiSeq 2500	PAIRED	RANDOM	METAGENOMIC	2018-03-29	human gut metagenome	ILLUMINA	2018-08-14	SRP136711	human	digestive system	stool	Homo sapiens
198	SAMN08814005	MIGS/MIMS/MIMARKS.human-gut	SRX3862804	VF31	3421	1688	replicate = biological replicate 86	SRR6915206	SRS3104859	VF31	12-Feb-2017	Italy: Vercelli	45.312990 N 8.422263 E	WGS	PRJNA447983	ANDREWMALTEZTHOMAS@GMAIL.COM'S SHARED SUBMISSIONS	public	sra	ncbi	0	Illumina HiSeq 2500	PAIRED	RANDOM	METAGENOMIC	2018-03-29	human gut metagenome	ILLUMINA	2018-08-14	SRP136711	human	digestive system	stool	Homo sapiens
198	SAMN08814058	MIMS.me	SRX3862803	VF28	10060	4852	replicate = biological replicate 139	SRR6915207	SRS3104858	VF28	12-Feb-2017	Italy: Vercelli	45.312990 N 8.422263 E	WGS	PRJNA447983	ANDREWMALTEZTHOMAS@GMAIL.COM'S SHARED SUBMISSIONS	public	sra	ncbi	0	Illumina HiSeq 2500	PAIRED	RANDOM	METAGENOMIC	2018-03-29	human gut metagenome	ILLUMINA	2018-08-14	SRP136711	human	digestive system	stool	Homo sapiens
198	SAMN08814034	MIMS.me	SRX3862802	VF281	6183	2987	replicate = biological replicate 115	SRR6915208	SRS3104857	VF281	12-Feb-2017	Italy: Vercelli	45.312990 N 8.422263 E	WGS	PRJNA447983	ANDREWMALTEZTHOMAS@GMAIL.COM'S SHARED SUBMISSIONS	public	sra	ncbi	0	Illumina HiSeq 2500	PAIRED	RANDOM	METAGENOMIC	2018-03-29	human gut metagenome	ILLUMINA	2018-08-14	SRP136711	human	digestive system	stool	Homo sapiens
198	SAMN08814051	MIMS.me	SRX3862801	VF300	7740	3729	replicate = biological replicate 132	SRR6915209	SRS3104856	VF300	12-Feb-2017	Italy: Vercelli	45.312990 N 8.422263 E	WGS	PRJNA447983	ANDREWMALTEZTHOMAS@GMAIL.COM'S SHARED SUBMISSIONS	public	sra	ncbi	0	Illumina HiSeq 2500	PAIRED	RANDOM	METAGENOMIC	2018-03-29	human gut metagenome	ILLUMINA	2018-08-14	SRP136711	human	digestive system	stool	Homo sapiens
198	SAMN08814003	MIMS.me	SRX3862800	VF29	3476	1701	replicate = biological replicate 84	SRR6915210	SRS3104854	VF29	12-Feb-2017	Italy: Vercelli	45.312990 N 8.422263 E	WGS	PRJNA447983	ANDREWMALTEZTHOMAS@GMAIL.COM'S SHARED SUBMISSIONS	public	sra	ncbi	0	Illumina HiSeq 2500	PAIRED	RANDOM	METAGENOMIC	2018-03-29	human gut metagenome	ILLUMINA	2018-08-14	SRP136711	human	digestive system	stool	Homo sapiens
198	SAMN08813991	MIGS/MIMS/MIMARKS.human-gut	SRX3862799	VF100	5977	2907	replicate = biological replicate 72	SRR6915211	SRS3104855	VF100	12-Feb-2017	Italy: Vercelli	45.312990 N 8.422263 E	WGS	PRJNA447983	ANDREWMALTEZTHOMAS@GMAIL.COM'S SHARED SUBMISSIONS	public	sra	ncbi	0	Illumina HiSeq 2500	PAIRED	RANDOM	METAGENOMIC	2018-03-29	human gut metagenome	ILLUMINA	2018-08-14	SRP136711	human	digestive system	stool	Homo sapiens
197	SAMN08813990	MIMS.me	SRX3862798	VF07	2541	1242	replicate = biological replicate 71	SRR6915212	SRS3104853	VF07	12-Feb-2017	Italy: Vercelli	45.312990 N 8.422263 E	WGS	PRJNA447983	ANDREWMALTEZTHOMAS@GMAIL.COM'S SHARED SUBMISSIONS	public	sra	ncbi	0	Illumina HiSeq 2500	PAIRED	RANDOM	METAGENOMIC	2018-03-29	human gut metagenome	ILLUMINA	2018-08-14	SRP136711	human	digestive system	stool	Homo sapiens
197	SAMN08813993	MIMS.me	SRX3862797	VF107	3923	1885	replicate = biological replicate 74	SRR6915213	SRS3104852	VF107	12-Feb-2017	Italy: Vercelli	45.312990 N 8.422263 E	WGS	PRJNA447983	ANDREWMALTEZTHOMAS@GMAIL.COM'S SHARED SUBMISSIONS	public	sra	ncbi	0	Illumina HiSeq 2500	PAIRED	RANDOM	METAGENOMIC	2018-03-29	human gut metagenome	ILLUMINA	2018-08-14	SRP136711	human	digestive system	stool	Homo sapiens
198	SAMN08813992	MIMS.me	SRX3862796	VF102	3010	1450	replicate = biological replicate 73	SRR6915214	SRS3104850	VF102	12-Feb-2017	Italy: Vercelli	45.312990 N 8.422263 E	WGS	PRJNA447983	ANDREWMALTEZTHOMAS@GMAIL.COM'S SHARED SUBMISSIONS	public	sra	ncbi	0	Illumina HiSeq 2500	PAIRED	RANDOM	METAGENOMIC	2018-03-29	human gut metagenome	ILLUMINA	2018-08-14	SRP136711	human	digestive system	stool	Homo sapiens
198	SAMN08814008	MIGS/MIMS/MIMARKS.human-gut	SRX3862795	VF37	8751	4210	replicate = biological replicate 89	SRR6915215	SRS3104851	VF37	12-Feb-2017	Italy: Vercelli	45.312990 N 8.422263 E	WGS	PRJNA447983	ANDREWMALTEZTHOMAS@GMAIL.COM'S SHARED SUBMISSIONS	public	sra	ncbi	0	Illumina HiSeq 2500	PAIRED	RANDOM	METAGENOMIC	2018-03-29	human gut metagenome	ILLUMINA	2018-08-14	SRP136711	human	digestive system	stool	Homo sapiens
198	SAMN08814007	MIMS.me	SRX3862794	VF35	2417	1179	replicate = biological replicate 88	SRR6915216	SRS3104849	VF35	12-Feb-2017	Italy: Vercelli	45.312990 N 8.422263 E	WGS	PRJNA447983	ANDREWMALTEZTHOMAS@GMAIL.COM'S SHARED SUBMISSIONS	public	sra	ncbi	0	Illumina HiSeq 2500	PAIRED	RANDOM	METAGENOMIC	2018-03-29	human gut metagenome	ILLUMINA	2018-08-14	SRP136711	human	digestive system	stool	Homo sapiens
198	SAMN08814054	MIGS/MIMS/MIMARKS.human-gut	SRX3862793	VF140	2038	1010	replicate = biological replicate 135	SRR6915217	SRS3104847	VF140	12-Feb-2017	Italy: Vercelli	45.312990 N 8.422263 E	WGS	PRJNA447983	ANDREWMALTEZTHOMAS@GMAIL.COM'S SHARED SUBMISSIONS	public	sra	ncbi	0	Illumina HiSeq 2500	PAIRED	RANDOM	METAGENOMIC	2018-03-29	human gut metagenome	ILLUMINA	2018-08-14	SRP136711	human	digestive system	stool	Homo sapiens
197	SAMN08813995	MIMS.me	SRX3862792	VF120	3104	1515	replicate = biological replicate 76	SRR6915218	SRS3104848	VF120	12-Feb-2017	Italy: Vercelli	45.312990 N 8.422263 E	WGS	PRJNA447983	ANDREWMALTEZTHOMAS@GMAIL.COM'S SHARED SUBMISSIONS	public	sra	ncbi	0	Illumina HiSeq 2500	PAIRED	RANDOM	METAGENOMIC	2018-03-29	human gut metagenome	ILLUMINA	2018-08-14	SRP136711	human	digestive system	stool	Homo sapiens
198	SAMN08813997	MIMS.me	SRX3862791	VF154	4112	1984	replicate = biological replicate 78	SRR6915219	SRS3104845	VF154	12-Feb-2017	Italy: Vercelli	45.312990 N 8.422263 E	WGS	PRJNA447983	ANDREWMALTEZTHOMAS@GMAIL.COM'S SHARED SUBMISSIONS	public	sra	ncbi	0	Illumina HiSeq 2500	PAIRED	RANDOM	METAGENOMIC	2018-03-29	human gut metagenome	ILLUMINA	2018-08-14	SRP136711	human	digestive system	stool	Homo sapiens
198	SAMN08813996	MIMS.me	SRX3862790	VF145	3741	1808	replicate = biological replicate 77	SRR6915220	SRS3104846	VF145	12-Feb-2017	Italy: Vercelli	45.312990 N 8.422263 E	WGS	PRJNA447983	ANDREWMALTEZTHOMAS@GMAIL.COM'S SHARED SUBMISSIONS	public	sra	ncbi	0	Illumina HiSeq 2500	PAIRED	RANDOM	METAGENOMIC	2018-03-29	human gut metagenome	ILLUMINA	2018-08-14	SRP136711	human	digestive system	stool	Homo sapiens
198	SAMN08813988	MIMS.me	SRX3862789	VF04	5817	2837	replicate = biological replicate 69	SRR6915221	SRS3104844	VF04	12-Feb-2017	Italy: Vercelli	45.312990 N 8.422263 E	WGS	PRJNA447983	ANDREWMALTEZTHOMAS@GMAIL.COM'S SHARED SUBMISSIONS	public	sra	ncbi	0	Illumina HiSeq 2500	PAIRED	RANDOM	METAGENOMIC	2018-03-29	human gut metagenome	ILLUMINA	2018-08-14	SRP136711	human	digestive system	stool	Homo sapiens
197	SAMN08813989	MIMS.me	SRX3862788	VF06	4161	1998	replicate = biological replicate 70	SRR6915222	SRS3104842	VF06	12-Feb-2017	Italy: Vercelli	45.312990 N 8.422263 E	WGS	PRJNA447983	ANDREWMALTEZTHOMAS@GMAIL.COM'S SHARED SUBMISSIONS	public	sra	ncbi	0	Illumina HiSeq 2500	PAIRED	RANDOM	METAGENOMIC	2018-03-29	human gut metagenome	ILLUMINA	2018-08-14	SRP136711	human	digestive system	stool	Homo sapiens
197	SAMN08813982	MIGS/MIMS/MIMARKS.human-gut	SRX3862787	GF15	5839	2860	replicate = biological replicate 63	SRR6915223	SRS3104843	GF15	12-Feb-2017	Italy: Vercelli	45.312990 N 8.422263 E	WGS	PRJNA447983	ANDREWMALTEZTHOMAS@GMAIL.COM'S SHARED SUBMISSIONS	public	sra	ncbi	0	Illumina HiSeq 2500	PAIRED	RANDOM	METAGENOMIC	2018-03-29	human gut metagenome	ILLUMINA	2018-08-14	SRP136711	human	digestive system	stool	Homo sapiens
199	SAMN08813983	MIMS.me	SRX3862786	GF16	3957	1873	replicate = biological replicate 64	SRR6915224	SRS3104841	GF16	12-Feb-2017	Italy: Vercelli	45.312990 N 8.422263 E	WGS	PRJNA447983	ANDREWMALTEZTHOMAS@GMAIL.COM'S SHARED SUBMISSIONS	public	sra	ncbi	0	Illumina HiSeq 2500	PAIRED	RANDOM	METAGENOMIC	2018-03-29	human gut metagenome	ILLUMINA	2018-08-14	SRP136711	human	digestive system	stool	Homo sapiens
197	SAMN08813980	MIGS/MIMS/MIMARKS.human-gut	SRX3862785	GF06	7498	3668	replicate = biological replicate 61	SRR6915225	SRS3104839	GF06	12-Feb-2017	Italy: Vercelli	45.312990 N 8.422263 E	WGS	PRJNA447983	ANDREWMALTEZTHOMAS@GMAIL.COM'S SHARED SUBMISSIONS	public	sra	ncbi	0	Illumina HiSeq 2500	PAIRED	RANDOM	METAGENOMIC	2018-03-29	human gut metagenome	ILLUMINA	2018-08-14	SRP136711	human	digestive system	stool	Homo sapiens
198	SAMN08813981	MIMS.me	SRX3862784	GF12	3907	1905	replicate = biological replicate 62	SRR6915226	SRS3104838	GF12	12-Feb-2017	Italy: Vercelli	45.312990 N 8.422263 E	WGS	PRJNA447983	ANDREWMALTEZTHOMAS@GMAIL.COM'S SHARED SUBMISSIONS	public	sra	ncbi	0	Illumina HiSeq 2500	PAIRED	RANDOM	METAGENOMIC	2018-03-29	human gut metagenome	ILLUMINA	2018-08-14	SRP136711	human	digestive system	stool	Homo sapiens
198	SAMN08813986	MIMS.me	SRX3862783	VF00TL	9305	4525	replicate = biological replicate 67	SRR6915227	SRS3104840	VF00TL	12-Feb-2017	Italy: Vercelli	45.312990 N 8.422263 E	WGS	PRJNA447983	ANDREWMALTEZTHOMAS@GMAIL.COM'S SHARED SUBMISSIONS	public	sra	ncbi	0	Illumina HiSeq 2500	PAIRED	RANDOM	METAGENOMIC	2018-03-29	human gut metagenome	ILLUMINA	2018-08-14	SRP136711	human	digestive system	stool	Homo sapiens
198	SAMN08813987	MIGS/MIMS/MIMARKS.human-gut	SRX3862782	VF02	2598	1254	replicate = biological replicate 68	SRR6915228	SRS3104835	VF02	12-Feb-2017	Italy: Vercelli	45.312990 N 8.422263 E	WGS	PRJNA447983	ANDREWMALTEZTHOMAS@GMAIL.COM'S SHARED SUBMISSIONS	public	sra	ncbi	0	Illumina HiSeq 2500	PAIRED	RANDOM	METAGENOMIC	2018-03-29	human gut metagenome	ILLUMINA	2018-08-14	SRP136711	human	digestive system	stool	Homo sapiens
197	SAMN08813984	MIMS.me	SRX3862781	GF17	2948	1453	replicate = biological replicate 65	SRR6915229	SRS3104837	GF17	12-Feb-2017	Italy: Vercelli	45.312990 N 8.422263 E	WGS	PRJNA447983	ANDREWMALTEZTHOMAS@GMAIL.COM'S SHARED SUBMISSIONS	public	sra	ncbi	0	Illumina HiSeq 2500	PAIRED	RANDOM	METAGENOMIC	2018-03-29	human gut metagenome	ILLUMINA	2018-08-14	SRP136711	human	digestive system	stool	Homo sapiens
198	SAMN08813985	MIMS.me	SRX3862780	GF18	2734	1321	replicate = biological replicate 66	SRR6915230	SRS3104836	GF18	12-Feb-2017	Italy: Vercelli	45.312990 N 8.422263 E	WGS	PRJNA447983	ANDREWMALTEZTHOMAS@GMAIL.COM'S SHARED SUBMISSIONS	public	sra	ncbi	0	Illumina HiSeq 2500	PAIRED	RANDOM	METAGENOMIC	2018-03-29	human gut metagenome	ILLUMINA	2018-08-14	SRP136711	human	digestive system	stool	Homo sapiens
